,Price,,,,,,,,,,,
,,AR Barrels,,,,,,,,,,
,Free,M-16,+8% Range,-15% Recoil,,,,,,,,
,Free,AKM,+7% Damage,+5% Detection radius,+20% Recoil,,,,,,,
,375,C36C,+4.5% Damage,-10% Reload,,,,,,,,
,600,AUG,+2.5% Movement speed,+5% Range,-5% Recoil,-15% Reload,-10% Spread,-3.5% Damage,,,,
,1125,As-Val,-25% Detection radius,+10% Fire rate,-7% Range,+15% Recoil,,,,,,
,1875,Famas F1,+9% Fire rate,-5% Range,+15% Spread,,,,,,,
,2625,STG-44,+4% Range,-11% Spread,+12% Recoil,,,,,,,
,3750,Scar L,+4.5% Damage,-10% Recoil,,,,,,,,
,5250,L8,+4% Damage,+4% Range,+28% Recoil,,,,,,,
,5625,QBZ-95,+1.5% Movement Speed,+9% Range,-8% Reload,+14% Recoil,,,,,,
,7500,The Chief,+5% Damage,+4% Movement speed,+23% Recoil,,,,,,,
,11250,AK-12,+3% Damage,+2% Fire rate,-4% Reload,+17% Recoil,,,,,,
,12375,Broza,+5.5% Fire rate,+3% Range,+12% Spread,,,,,,,
,15000,Hell-Trooper-23,+7.5% Damage,+5% Range,+10% Recoil,+35% Spread,,,,,,
,22500,APS,+22% Damage,+25% Detection radius,-5% Fire rate,-35% Range,+20% Spread,,,,,
,26250,FC200SH,+8.5% Damage,+14% Range,-3% Fire rate,+8% Reload,,,,,,
,338 WC,AR-8X,+4% Movement speed,-23% Spread,+8% Reload,,,,,,,
,375 WC,Hex Spitter,+7% Damage,+2% Movement speed,-16% Spread,-5% Health,+25% Recoil,,,,,
,Spin,G11,+4% Fire rate,-8% Reload,-6% Range,,,,,,,
,Limited,Second Amendment,+17% Damage,-50% Spread,-12% Fire rate,-2% Movement speed,-13% Range,+90% Recoil,,,,
,Limited,Freedom Dispenser,+6% Fire rate,+9% Movement speed,-16% Range,+18% Recoil,+28% Spread,,,,,
,Follow,Cirrus - Hand,-40% Recoil,-30% Spread,-10% Damage,,,,,,,
,Limited,Medal,-15% Detection radius,+10% Fire rate,+4% Movement speed,-13% Recoil,-3.5% Damage,+15% Equip time,+7% Spread,,,
,Limited,PineFire,+5% Damage,-9% Reload,-5% Range,,,,,,,
,,AR Grips,,,,,,,,,,
,Free,AKM,-10% Recoil,-4% Reload,+14% Spread,,,,,,,
,Free,M-16,-20% Recoil,,,,,,,,,
,225,C36C,-15% Recoil,-10% Reload,,,,,,,,
,360,AUG,+2.5% Movement speed,-5% Recoil,-7% Spread,,,,,,,
,675,As-Val,+2% Movement speed,-5% Recoil,-19% Reload,,,,,,,
,1125,Famas F1,-13% Recoil,-12% Reload,,,,,,,,
,1575,STG-44,-17% Reload,-11% Spread,+12% Recoil,,,,,,,
,2250,Scar L,-25% Recoil,+25% Spread,,,,,,,,
,3195,L8,+3% Range,-13% Recoil,,,,,,,,
,3375,QBZ-95,-21% Spread,-1.8% Movement speed,+5% Reload,,,,,,,
,4500,The Chief,+3% Damage,-25% Spread,+35% Recoil,,,,,,,
,6750,AK-12,-17.5% Recoil,-12% Reload,+11% Spread,,,,,,,
,7425,Broza,+4% Fire rate,+6% Reload,,,,,,,,
,9000,Hell-Trooper-23,+3% Movement speed,-5% Reload,-18% Spread,-5.5% Range,,,,,,
,13500,APS,+2% Damage,-11% Recoil,+6% Reload,,,,,,,
,15750,FC200SH,+3% Movement speed,-19% Recoil,-4% Fire rate,,,,,,,
,203 WC,AR-8X,+1.5% Movement speed,-16% Spread,+21% Recoil,,,,,,,
,225 WC,Hex Spitter,-25% Recoil,-5% Movement speed,+5% Spread,,,,,,,
,Spin,G11,-29% Recoil,-4% Movement speed,+6% Reload,,,,,,,
,Verify Discord,10KG Dumbbell,-35% Recoil,-20% Spread,-10% Movement speed,-15% Range,+20% Reload,,,,,
,Follow,Napo - Scissors,-12% Detection radius,-15% Spread,+12% Recoil,,,,,,,
AR,Limited,PineFire,+5.5% Movement speed,-9.5% Recoil,+10% Reload,,,,,,,
,,AR Magazines,,,,,,,,,,
,Free,AKM,30 Magazine,2.4s Reload,+7% Damage,+5% Detection radius,,,,,,
,Free,M-16,30 Magazine,1.9s Reload,-5% Recoil,,,,,,,
,375,C36C,30 Magazine,2s Reload,-11% Recoil,+3% Spread,,,,,,
,600,AUG,42 Magazine,3.5s Reload,+2.5% Movement speed,-10% Spread,-10% Range,,,,,
,1125,As-Val,20 Magazine,1.5s Reload,-25% Detection radius ,+7% Fire rate,-21% Recoil,-5% Damage,-2% Range,,,
,1875,Famas F1,25 Magazine,2s Reload,+10% Fire rate,-10% Range,+10% Recoil,,,,,
,2625,STG-44,30 Magazine,2.9s Reload,+10% Damage,-13% Spread,-8% Fire rate,,,,,
,3750,Scar L,40 Magazine,3s Reload,-20% Recoil,+15% Spread,,,,,,
,5325,L8,30 Magazine,2.9s Reload,+9% Damage,+2% Range,+32% Recoil,,,,,
,5625,QBZ-95,30 Magazine,1.5s Reload,+2% Damage,+4% Range,+18% Recoil,,,,,
,7500,The Chief,36 Magazine,4.2s Reload,+16% Damage,+12% Range,-9% Fire rate,+28% Recoil,,,,
,8000,Drum Mag,50 Magazine,4s Reload,+4% Fire rate,-10% Recoil,-5% Range,,,,,
,11250,AK-12,30 Magazine,2.2s Reload,+7.5% Range,-13% Spread,+14% Recoil,,,,,
,12375,Broza,20 Magazine,1.9s Reload,+6% Damage,-2% Range,,,,,,
,15000,Hell-Trooper-23,45 Magazine,4s Reload,+7.5% Damage,+15% Recoil,+22% Spread,,,,,
,22500,APS,26 Magazine,4.8s Reload,+25% Damage,+25% Detection radius,-10% Fire rate,-11% Range,+20% Spread,,,
,26250,FC200SH,30 Magazine,3.2s Reload,+8.5% Damage,+10% Detection radius,-2.5% Movement speed,+18% Spread,,,,
,Level 104,Double Drum,100 Magazine,7s Reload,+14% Fire rate,-5.5% Movement speed,,,,,,
,338 WC,AR-8X,30 Magazine,2.4s Reload,+1.5% Movement speed,+11% Range,+16% Recoil,,,,,
,375 WC,Hex Spitter,35 Magazine,4s Reload,+12% Damage,+100% Pellets,-5.5% Range,+38% Recoil,+6% Spread,,,
,Spin,G11,45 Magazine,4.5s Reload,+9% Fire rate,-13% Spread,-3% Movement speed,+21% Recoil,,,,
,Follow,Rat - Emoji,42 Magazine,5.2s Reload,+4% Damage,+6% Fire rate,+24% Recoil,+5% Spread,,,,
AR,Limited,PineFire,25 Magazine,2.6s Reload,+7.5% Damage,-12% Recoil,-11% Range,,,,,
,,AR Stocks,,,,,,,,,,
,Free,AKM,-10% Reload,-10% Spread,+15% Recoil,,,,,,,
,Free,M-16,-15% Recoil,,,,,,,,,
,225,C36C,-5% Recoil,-5% Reload,-5% Spread,,,,,,,
,360,AUG,+2.5% Movement speed,-15% Spread,-6% Range,,,,,,,
,675,As-Val,-10% Recoil,-10% Reload,,,,,,,,
,1125,Famas F1,-20% Recoil,+7% Reload,,,,,,,,
,1575,STG-44,+3% Fire rate,-10% Spread,+4% Reload,,,,,,,
,2250,Scar L,-10% Recoil,-15% Reload,+10% Spread,,,,,,,
,3195,L8,+4% Range,-17% Spread,,,,,,,,
,3375,QBZ-95,+6% Health,+10% Recoil,+3.6% Reload,,,,,,,
,4500,The Chief,-10% Reload,-20% Spread,+10% Recoil,,,,,,,
,6750,AK-12,-20% Recoil,-0.2% Movement speed,+7% Spread,,,,,,,
,7425,Broza,-5% Reload,-12% Spread,+22% Recoil,,,,,,,
,9000,Hell-Trooper-23,-25% Reload,+10% Recoil,,,,,,,,
,13500,APS,+6% Damage,+30% Recoil,+30% Spread,,,,,,,
,15750,FC200SH,+2% Movement speed,+3% Range,-24% Spread,-5% Fire rate,,,,,,
,203 WC,AR-8X,+7% Fire rate,-2% Movement speed,+14% Spread,,,,,,,
,225 WC,Hex Spitter,-10% Reload,-25% Spread,-5% Movement speed,,,,,,,
,Spin,G11,+2% Movement speed,-13% Recoil,,,,,,,,
,Follow,Derpy - Staff,+5% Movement speed,-3% Reload,+15% Spread,,,,,,,
AR,Limited,PineFire,+8% Health,+8% Movement speed,+15% Reload,+45% Spread,,,,,,
,,Sniper Barrels,,,,,,,,,,
,375,M40,+10% Fire rate,+25% Range,-5% Recoil,-20% Spread,-10% Damage,,,,,
,750,M1891,+20% Range,-25% Spread,+20% Reload,,,,,,,
,850,M91 Moschetto,+4% Movement speed,+10% Range,-20% Reload,+50% Spread,,,,,,
,1875,AWM,+5% Damage,+15% Range,-25% Spread,+75% Recoil,,,,,,
,3750,Lee Enfield,+10% Fire rate,+15% Range,+100% Recoil ,+100% Spread ,,,,,,
,7500,Arisaka,+10% Movement speed,-12% Reload,-6% Health,+38% Recoil,,,,,,
,11250,VSSR,+20% Damage,-50% Detection radius,+9% Range,-28% Recoil,-12% Fire rate,-7% Movement speed,+10% Reload,,,
,15000,M2000,+25% Damage,+10% Range,-10% Spread,+20% Detection radius,-25% Fire rate,-8% Movement speed,+55% Recoil,,,
,18750,Mosin,+15% Damage,-8% Reload,-5% Fire rate,,,,,,,
,26250,Hecate II,+30% Damage,+25% Detection radius,-30% Fire rate,-10% Movement speed,+100% Recoil,+50% Spread,,,,
,75000,Lightning Shot,+35% Damage,+12% Range,-4% Reload,-25% Spread,+35% Detection radius,-48% Fire rate,-6% Movement speed,+80% Recoil,,
,394 WC,Musket,+55% Damage,+50% Detection radius,-54% Fire rate,-22% Range,+200% Recoil,+57% Spread,,,,
,Robux,Snake Sniper,+11% Damage,+3% Fire rate,-5% Health,+7% Reload,+20% Spread,,,,,
,,Sniper Grips,,,,,,,,,,
,225,M40,-5% Recoil,-10% Reload,-10% Spread,,,,,,,
,450,M1891,+10% Fire rate,+4% Movement speed,+15% Reload,+30% Spread,,,,,,
,1125,AWM,-27% Spread,+8% Recoil,+12% Reload,,,,,,,
,2250,Lee Enfield,+15% Fire rate,-20% Range,+30% Spread,,,,,,,
,4500,Arisaka,+8% Movement speed,-17% Spread,-6% Health,,,,,,,
,6750,VSSR,+2% Range,-30% Recoil,-2% Movement speed,+12% Spread,,,,,,
,9000,M2000,-20% Recoil,-10% Reload,+10% Spread,,,,,,,
,11250,Mosin,+3% Movement speed,+7% Range,-2.5% Fire rate,,,,,,,
,15750,Hecate II,-25% Recoil,-10% Spread,-4% Movement speed,+8% Reload,,,,,,
,45000,Lightning Shot,-35% Spread,-6% Fire rate,-4% Movement speed,+38% Recoil,,,,,,
,236 WC,Musket,+10% Damage,-15% Fire rate,+10% Reload,+40% Spread,,,,,,
,Robux,Snake Sniper,+10% Range,-24% Spread,-1.5% Movement speed,+22% Recoil,,,,,,
,,Sniper Magazines,,,,,,,,,,
,375,M40,10 Magazine,4.5s Reload,+16% Damage,+20% Range,-11% Spread,+25% Recoil,,,,
,750,M1891,6 Magazine,3.5s Reload,+5% Fire rate,+20% Range,-15% Spread,+25% Recoil,,,,
,1875,AWM,5 Magazine,5s Reload,+22% Damage,+15% Range,-25% Spread,-13% Fire rate,+40% Recoil,,,
,3750,Lee Enfield,10 Magazine,4s Reload,+4% Damage,+20% Fire rate,+16% Range,-35% Recoil,+40% Spread,,,
,7500,Arisaka,5 Magazine,4s Reload,+8% Movement speed,-18% Spread,-2% Health ,+16% Recoil,,,,
,11250,VSSR,5 Magazine,4.5s Reload,+30% Damage,+32% Detection radius,-20% Fire rate,-6% Movement speed,-12% Range,+86% Recoil,,
,15000,M2000,5 Magazine,6s Reload,+25% Damage,+10% Range,-20% Spread,-20% Fire rate,+60% Recoil,,,
,18750,Mosin,5 Magazine,3.6s Reload,+20% Damage,-10% Fire rate,-2% Movement speed,-3% Range,,,,
,26250,Hecate II,5 Magazine,5s Reload,+45% Damage,+25% Detection radius,-28% Fire rate,-10% Movement speed,-23% Range,+100% Recoil,+50% Reload,+100% Spread
,75000,Lightning Shot,7 Magazine,9s Reload,+50% Damage,-35% Spread,+50% Detection radius,-45% Fire rate,-12% Movement speed,+125% Recoil,,
,394 WC,Musket,1 Magazine,7.5s Reload,+60% Damage,-3% Movement speed,-20% Range,+80% Recoil,+185% Spread,,,
,Robux,Snake Sniper,6 Magazine,5.5s Reload,+25% Damage,-12% Spread,-10% Fire rate,-4% Movement speed,-5% Range,+36% Recoil,,
,,Sniper Stocks,,,,,,,,,,
,225,M40,-10% Recoil,-20% Spread,,,,,,,,
,459,M1891,+4% Movement speed,+15% Recoil,,,,,,,,
,1125,AWM,-15% Reload,-35% Spread,+10% Recoil,,,,,,,
,2250,Lee Enfield,+10% Fire rate,-5% Range,+40% Recoil,+20% Spread,,,,,,
,4500,Arisaka,+11% Movement speed,-8% Health,+5% Reload,,,,,,,
,6750,VSSR,+2% Range,-30% Recoil,-2% Movement speed,+12% Spread,,,,,,
,9000,M2000,-40% Recoil,-40% Spread,-25% Fire rate,-10% Movement speed,,,,,,
,11250,Mosin,+2% Fire rate,-15% Spread,+24% Recoil,,,,,,,
,15750,Hecate II,+5% Damage,-10% Reload,-20% Spread,-10% Fire rate,-5% Movement speed,+15% Recoil,,,,
,45000,Lightning Shot,-45% Spread,-9% Fire rate,-8% Movement speed,+27% Recoil,+4% Reload,,,,,
,236 WC,Musket,-24% Recoil,-4% Movement speed,+7% Reload,,,,,,,
,Robux,Snake Sniper,-40% Recoil,-8.5% Movement speed,+6% Reload,,,,,,,
,,SMG Barrels,,,,,,,,,,
,750,MAC-10,+5% Fire rate,+4.4% Movement speed,-10% Range,,,,,,,
,1875,Type 2a Nambu,+13% Damage,+3% Movement speed,-3.5% Range,+23% Spread,,,,,,
,3750,Tommy,+7% Damage,+7% Fire rate,+3.8% Movement speed,-6% Range,+25% Recoil,,,,,
,5625,NP9,+8% Fire rate,+3.2% Movement Speed,-15% Reload,-6% Range,,,,,,
,7125,MP 40,+10% Damage,+3.2% Movement Speed,+20% Recoil,,,,,,,
,7500,Sten gun,+12% Fire rate,+2% Movement speed,-12% Spread,-13% Range,+24% Recoil,,,,,
,9000,UNP-40,+12% Damage,+3.8% Movement speed,-5% Fire rate,+15% Recoil,+15% Spread,,,,,
,11250,Skorpion vz. 61,+9% Movement speed,-5% Damage,-5% Range,,,,,,,
,11250,NP5,+7% Damage,+2.5% Movement speed,-14% Recoil,-8% Spread,-2.5% Fire rate,-7.5% Range,,,,
,15000,Mas-38,+10% Damage,+3.3% Movement speed,-20% Spread,-5% Fire rate,+5% Recoil,,,,,
,18750,PP-19 Bizon,+9% Damage ,+5% Fire rate,+2.5% Movement speed,-10% Range,+25% Recoil,,,,,
,20250,ZIPO-2222,+11% Damage,-17% Detection radius,-16% Recoil,-6% Range,+15% Spread,,,,,
,22500,PPSh-41,+15% Fire rate,+2.3% Movement speed,-12% Range,+15% Recoil,+10% Spread,,,,,
,26250,MP18,+8% Damage,+2% Range,-2% Fire rate,+32% Recoil,,,,,,
,26250,Kriss Vector,+20% Fire Rate,+3.3% Movement speed,-15% Recoil,-3% Damage,-10% Range,,,,,
,30000,P90,+15% Fire rate,+2.5% Movement speed,+2% Range,-7.5% Damage,+20% Recoil,+25% Spread,,,,
,33750,Uzi,+5% Damage,+9% Fire rate,+4% Movement speed,-15% Spread,-8% Range,,,,,
,56250,Maple Badger,+3.5% Damage,-35% Detection Radius,-12% Recoil,-5.5% Range,,,,,,
,300 WC,M1 Carbine,+5% Damage,+2.5% Movement speed,+8% Range,-18% Recoil,+4% Reload,+14% Spread,,,,
,,SMG Grips,,,,,,,,,,
,450,MAC-10,+4.4% Movement speed,-25% Reload,+25% Recoil,+10% Spread,,,,,,
,1250,Type 2a Nambu,+6% Damage,-7.5% Health,+23% Recoil,,,,,,,
,2250,Tommy,+3.8% Movement speed,-15% Recoil,+10% Reload,,,,,,,
,3375,NP9,+4.5% Movement speed,-12% Spread,+18% Recoil,,,,,,,
,4275,MP 40,+5% Damage,+30% Recoil,+30% Spread,,,,,,,
,4500,Sten gun,+2% Movement speed,-17% Spread,+28% Recoil,,,,,,,
,5400,UNP-40,+2.5% Movement speed,-5% Reload,-20% Spread,+40% Recoil,,,,,,
,6750,Skorpion vz. 61,+9% Movement speed,-10% Reload,+25% Recoil,+30% Spread,,,,,,
,6750,NP5,+3.3% Movement speed,-15% Recoil,-10% Reload,+17% Spread,,,,,,
,9000,Mas-38,+6% Fire rate,+2% Movement speed,-15% Spread,-7% Range,,,,,,
,11250,PP-19 Bizon,+2.5% Movement speed,-9% Recoil,-3% Reload,+18% Spread,,,,,,
,12150,ZIPO-2222,+4.5% Movement speed,-11% Reload,-2.5% Range,,,,,,,
,13500,PPSh-41,+10% Fire rate,-10% Spread,+15% Reload,,,,,,,
,15750,MP18,+2% Range,-12% Spread,-2% Movement speed,+18% Recoil,,,,,,
,15750,Kriss Vector,+4% Fire rate,+4.5% Movement speed,-12% Recoil,+8% Spread,,,,,,
,18000,P90,+7% Fire rate,-11% Recoil,+12% Spread,,,,,,,
,20250,Uzi,+2% Fire rate,+7% Movement speed,+23% Recoil,,,,,,,
,33750,Maple Badger,-7% Detection Radius,+4.5% Movement speed,+3.5% Reload,,,,,,,
,180 WC,M1 Carbine,+5% Movement speed,-12% Reload,-11% Spread,+29% Recoil,,,,,,
,,SMG Magazines,,,,,,,,,,
,750,MAC-10,30 Magazine,2s Reload,+20% Fire rate,+4.4% Movement speed,-6% Range,+35% Recoil,,,,
,1875,Type 2a Nambu,30 Magazine,2.5s Reload,+14% Fire rate,+3% Movement speed,-24% Recoil,-10% Range,,,,
,3750,Tommy,20 Magazine,3s Reload,+15% Damage,+3.8% Movement speed,+20% Spread,,,,,
,5625,NP9,30 Magazine,2.2s Reload,+5% Fire rate,+4.6% Movement speed,+7% Spread,,,,,
,7125,MP 40,32 Magazine,2.5s Reload,+15% Damage,-10% Spread,-5% Fire rate,+15% Recoil,,,,
,7500,Sten gun,32 Magazine,3s Reload,+7% Damage,+3% Fire rate,-13% Range,+12% Spread,,,,
,9000,UNP-40,30 Magazine,2s Reload,+14% Damage,+1.5% Movement speed,+6% Range,-10% Spread,-15% Fire rate,,,
,11250,Skorpion vz. 61,20 Magazine,1.2s Reload,+4% Fire rate,+9% Movement speed,-10% Range,+7% Spread,,,,
,11250,NP5,30 Magazine,2s Reload,+15% Fire rate,+3.3% Movement speed,-10% Recoil,-5% Spread,-11% Range,,,
,15000,Mas-38,32 Magazine,2.8s Reload,+5% Damage,+3.5% Movement speed,+4% Range,-15% Spread,+27% Recoil,,,
,18750,PP-19 Bizon,64 Magazine,4s Reload,+10% Damage,-8% Range,+12% Recoil,,,,,
,20250,ZIPO-2222,30 Magazine,3s Reload,+23% Damage,-18% Fire rate,-11% Range,,,,,
,22500,PPSh-41,71 Magazine,5.5s Reload,+7% Fire rate,-1% Movement speed,-5% Range,+10% Spread ,,,,
,26250,Kriss Vector,30 Magazine,2.4s Reload,+21% Fire rate,+3.3% Movement speed,-15% Recoil,-4% Damage,-15% Range,,,
,26250,MP18,32 Magazine,2.2s Reload,+18% Damage,-3.5% Fire rate,-9% Range,+22% Recoil,,,,
,30000,P90,50 Magazine,4s Reload,+20% Fire rate,+5% Range,-2.5% Damage,-0.2% Movement speed,+10% Recoil,+40% Spread,,
,33750,Uzi,32 Magazine,2.8s Reload,+3% Damage,+7% Fire rate,-9% Range,+28% Recoil,,,,
,56250,Maple Badger,30 Magazine,1.6s Reload,+12% Damage,-9% Detection Radius,-1.5% Fire rate,,,,,
,230 WC,M1 Carbine,15 Magazine,2.8s Reload,+26% Damage,+3% Movement speed,-5% Range,+32% Recoil,,,,
,,SMG Stocks,,,,,,,,,,
,450,MAC-10,+4.5% Fire rate,+4.6% Movement speed,+16% Spread,,,,,,,
,1125,Type 2a Nambu,+6.5% Movement speed,-12% Recoil,-19% Spread,-6.5% Health,,,,,,
,2250,Tommy,+0.5% Movement speed,-23% Recoil,-9% Spread,+5% Reload,,,,,,
,3375,NP9,+4.6% Movement speed,-13% Spread,+30% Recoil,,,,,,,
,4000,NP5A3,+5% Movement speed,-20% Reload,+25% Recoil,+9% Spread,,,,,,
,4275,MP 40,+3.2% Movement speed,-10% Reload,-10% Spread,+15% Recoil,,,,,,
,4500,Sten gun,+2% Fire rate,+6% Movement speed,-12% Spread,+38% Recoil,,,,,,
,5400,UNP-40,+3.8% Movement speed,-22% Spread,+20% Recoil,,,,,,,
,6750,NP5,+3.1% Movement speed,-12% Recoil,-16% Reload,+14% Spread,,,,,,
,6750,Skorpion vz. 61,+7.5% Movement speed,-15% Reload,+35% Recoil,+5% Spread,,,,,,
,9000,Mas-38,+4.3% Movement speed,-18% Recoil,-7.5% Reload,,,,,,,
,11250,PP-19 Bizon,+2.5% Movement speed,-5% Reload,-13% Spread,+2.5% Range,,,,,,
,12150,ZIPO-2222,+3% Health,+6.5% Movement speed,,,,,,,,
,13500,PPSh-41,-25% Reload,-10% Spread,-2% Movement speed,+27% Recoil,,,,,,
,15750,MP18,+3.5% Movement speed,-26% Recoil,-3% Range,+8% Reload,,,,,,
,15750,Kriss Vector,+7% Fire rate,+3.3% Movement speed,-20% Recoil,-5% Range,+30% Spread,,,,,
,18000,P90,+4% Fire rate,+3% Movement speed,-11% Spread,+12% Recoil,,,,,,
,20250,Uzi,+7.5% Movement speed,-11% Spread,+22% Recoil,+4% Reload,,,,,,
,33750,Maple Badger,+2% Fire rate,+4.5% Movement speed,+13% Spread,,,,,,,
,180 WC,M1 Carbine,+5% Range,-19% Spread,-2.5% Movement speed,+14% Recoil,,,,,,
,,Shotgun Barrels,,,,,,,,,,
,375,M870,+13% Damage,-5% Range,+15% Spread,,,,,,,
,563,Circuit Judge,+14% Damage,-15% Reload,-6% Range,+25% Recoil,,,,,,
,2500,M870 MCS,+14% Damage,-15% Spread,-6% Range,+10% Reload,,,,,,
,3000,M870 Breacher,+20% Damage,+3% Movement speed,-10% Range,+30% Spread,,,,,,
,3750,M1897 Trench Shotgun,+20% Fire rate,-11% Reload,-11% Range,+22% Spread,,,,,,
,7500,M1887,+7% Damage,+5% Health,-5.5% Movement speed,-6% Range,+15% Spread,,,,,
,11000,M870 Wingmaster,+16% Damage,+7% Range,-5% Spread,+10% Detection radius,-13% Fire rate,-20% Pellets,+5% Reload,,,
,11250,Auto-5,+13% Fire rate,-10% Recoil,-10% Spread,-2.5% Damage,-7% Range,,,,,
,18750,JSG12,+3% Movement speed,+15% Range,+16% Recoil,+7% Reload,+24% Spread,,,,,
,22500,Spas-12,+5% Damage,+10% Fire rate,-1.5% Movement speed,-7% Range,+15% Spread,,,,,
,37500,Double Barrel,+15% Damage,+100% Pellets,+5% Range,-15% Fire rate,+80% Recoil,+10% Reload,+6% Spread,,,
,56250,Siberia-12,+16% Fire rate,-4.5% Range,+7% Spread,,,,,,,
,413 WC,Blunderbuss,+45% Damage,+100% Pellets,-34% Fire rate,-30% Range,+60% Spread,,,,,
,Limited,MarrowMaker,+11% Fire rate,+4.5% Movement speed,+45% Pellets,-2.5% Range,,,,,,
,Robux,AUTO-12,+5% Fire rate,+3% Range,-2% Damage,,,,,,,
,,Shotgun Grips,,,,,,,,,,
,225,M870,-15% Reload,+20% Spread,,,,,,,,
,338,Circuit Judge,+10% Damage,+35% Spread,,,,,,,,
,2250,M1897 Trench Shotgun,+10% Fire rate,+5% Reload,+20% Spread,,,,,,,
,4500,M1887,+10% Fire rate,+5% Health,-10% Reload,-5.5% Movement speed,+15% Spread,,,,,
,6750,Auto-5,+5% Fire rate,-10% Recoil,-20% Spread,-2.5% Damage,,,,,,
,11250,JSG12,+3% Movement speed,-18% Spread,+38% Recoil,,,,,,,
,13500,Spas-12,+2% Damage,+3% Fire rate,-2.5% Movement speed,+22% Spread,,,,,,
,22500,Double Barrel,+7.5% Damage,-2% Movement speed,+80% Recoil,,,,,,,
,33750,Siberia-12,+3.5% Fire rate,-11% Spread,-2.5% Range,,,,,,,
,248 WC,Blunderbuss,+2% Movement speed,+25% Pellets,-11% Fire rate,+9% Reload,,,,,,
,Limited,MarrowMaker,+2% Health,-10% Spread,-7.5% Fire rate,-1% Range,,,,,,
,Robux,AUTO-12,+2% Fire rate,-22% Recoil,-3% Range,+8% Reload,,,,,,
,,Shotgun Magazines,,,,,,,,,,
,375,M870,8 Magazine,4s Reload,+21% Damage,+55% Pellets,-3.5% Range,+38% Recoil,,,,
,563,Circuit Judge,5 Magazine,4s Reload,+15% Damage,+25% Pellets,+7.5% Range,+85% Recoil ,,,,
,2000,M870 MCS,6 Magazine,3.5s Reload,+17% Damage,+45% Pellets,-4% Range,+35% Recoil,,,,
,3750,M1897 Trench Shotgun,6 Magazine,4.5s Reload,+22% Damage,+100% Pellets,-7% Range,+43% Recoil,+22% Spread,,,
,5000,M870 Breacher,8 Magazine,3.2s Reload,+30% Damage,+3% Movement speed,+150% Pellets,-15% Range,+50% Recoil,+5% Spread,,
,7500,M1887,6 Magazine,4s Reload,+9% Fire rate,+5% Health,+57% Pellets,-5.5% Movement speed,-10% Range,+15% Recoil,+7% Spread,
,11250,Auto-5,4 Magazine,2.6s Reload,+20% Damage,+20% Fire rate,+60% Pellets,-4% Movement speed,+50% Recoil,+16% Spread,,
,18750,JSG12,15 Magazine,7.5s Reload,+19% Damage,+5% Fire rate,+40% Pellets,+26% Recoil,+15% Spread,,,
,22500,Spas-12,12 Magazine,7s Reload,+6.5% Damage,+30% Fire rate,+175% Pellets,-3% Movement speed,-8.5% Range,+60% Recoil,+19% Spread,
,37500,Double Barrel,2 Magazine,3.5s Reload,+35% Damage,+80% Pellets,-13% Fire rate,-7% Range,+100% Recoil,,,
,58250,Siberia-12,8 Magazine,2.5s Reload,+35% Fire rate,+40% Pellets,-5.5% Damage,-4.5% Range,,,,
,75000,Siberia-12 Drum,20 Magazine,5.5s Reload,+12% Damage,+2% Fire rate,+55% Pellets,-17% Recoil,-2% Movement speed,-5.5% Range,,
,413 WC,Blunderbuss,1 Magazine,6.5s Reload,+30% Damage,+200% Pellets,-5% Fire rate,-23% Range,+45% Spread,,,
,Limited,MarrowMaker,9 Magazine,4.1s Reload,+25% Damage,+65% Pellets,-12% Fire rate,-4.5% Range,,,,
,Robux,AUTO-12,20 Magazine,5.5s Reload,+12% Damage,+2% Fire rate,+55% Pellets,-17% Recoil,-2% Movement speed,-5.5% Range,,
,,Shotgun Stocks,,,,,,,,,,
,225,M870,-15% Recoil,-15% Spread,+5% Reload,,,,,,,
,338,Circuit Judge,+4.8% Fire rate,-27% Reload,+15% Spread,,,,,,,
,2250,M1897 Trench Shotgun,+18% Fire rate,+22% Recoil,+25% Spread,,,,,,,
,3100,M870 MCS,-25% Recoil ,-20% Spread,-5% Fire rate,+10% Reload,,,,,,
,3500,M870 Breacher,+5% Fire rate,+5% Movement speed,-20% Reload,+15% Recoil,+25% Spread,,,,,
,4500,M1887,+5% Health,-10% Recoil,-5.5% Movement speed,+15% Spread,,,,,,
,6750,Auto-5,+5% Fire rate,+5% Movement speed,-10% Spread,-5% Damage,,,,,,
,7500,Spas-12 Folded,+4% Movement speed,-15% Reload,+20% Recoil,+20% Spread,,,,,,
,11250,JSG12,+3% Movement speed,-19% Spread,+5% Reload,,,,,,,
,13500,Spas-12,+14% Fire rate,-3% Movement speed,-2% Range,+12% Spread,,,,,,
,22500,Double Barrel,+6% Movement speed,-5% Reload,-2% Range,+45% Recoil,,,,,,
,33750,Siberia-12,+5% Fire rate,-7% Spread,+12% Recoil,,,,,,,
,248 WC,Blunderbuss,+15% Health,+5% Movement speed,+112% Recoil,+50% Spread,,,,,,
,Limited,MarrowMaker,+3% Movement speed,-8% Reload,,,,,,,,
,Robux,AUTO-12,+1.5% Fire rate,-26% Recoil,-4.5% Movement speed,+3.5% Reload,,,,,,
,,LMG Barrels,,,,,,,,,,
,375,M60,+8.5% Damage,-10% Recoil,+5% Detection radius,-3% Movement speed,,,,,,
,1875,Type 99,+8% Damage,-15% Spread,-2% Movement speed,+5% Reload,,,,,,
,3750,DP-27,+9% Damage,+2% Fire rate,-1% Movement speed,+26% Recoil,+10% Spread,,,,,
,5625,BAR,+25% Damage,+10% Range,-15% Fire rate,-0.5% Movement speed,+20% Recoil,+20% Spread,,,,
,7500,M1919 .30 Cal,+5% Fire rate,-17% Recoil,-20% Spread,-6% Movement speed,+12% Reload,,,,,
,7500,M1917 WC,+20% Fire rate,+25% Health,+9% Range,-20% Recoil,-10% Spread,-30% Movement speed,+15% Reload,,,
,8000,M1919 Tripod,+10% Health,-30% Recoil,-50% Spread,-20% Movement speed,+25% Reload,,,,,
,11250,Negev,+15% Fire rate,-4.5% Movement speed,+25% Spread,,,,,,,
,18750,MG42,+35% Fire rate,-7% Movement speed,-22% Range,+30% Recoil,+40% Spread,,,,,
,22500,Chauchat,+20% Damage,+20% Range,+10% Detection radius,-15% Fire rate,-3% Movement speed,+25% Recoil,,,,
,27000,Burton,+14% Fire rate,-19% Recoil,-4% Damage,+2% Reload,,,,,,
,37500,Lewis,-15% Detection Radius,+10% Fire rate,-15% Spread,-15% Movement speed,+5% Reload,,,,,
,Robux,M249 SAW,+2% Damage,+5% Fire rate,-16% Recoil,-9% Movement speed,+4% Reload,,,,,
,,LMG Grips,,,,,,,,,,
,225,M60,-15% Recoil,-15% Spread,-2.5% Movement speed,+5% Reload,,,,,,
,1125,Type 99,-13% Recoil,-16% Reload,-2.7% Movement speed,,,,,,,
,2250,DP-27,-27% Recoil,-13% Reload,-6% Fire rate,,,,,,,
,3375,BAR,+4% Damage,-5% Movement speed,+12% Recoil,,,,,,,
,4500,M1919 .30 Cal,-19% Reload,-16% Spread,-2.5% Movement speed,+25% Recoil,,,,,,
,6750,Negev,+8% Fire rate,-2.5% Movement speed,+15% Recoil,+5% Spread,,,,,,
,11250,MG42,+4% Fire rate,-13% Spread,-2.5% Movement speed,+3% Reload,,,,,,
,13500,Chauchat,+5% Damage,-2.5% Movement speed,+10% Recoil,+15% Spread,,,,,,
,16200,Burton,-4% Reload,-15% Spread,-3% Movement speed,-2% Range,,,,,,
,22500,Lewis,+15% Fire rate,-6% Movement speed,+44% Recoil,+14% Spread,,,,,,
,Robux,M249 SAW,-16% Spread,-4% Movement speed,+7% Recoil,,,,,,,
,,LMG Magazines,,,,,,,,,,
,375,M60,75 Magazine,6.5s Reload,+1% Movement speed,-10% Spread,-9% Range,+22% Recoil,,,,
,1875,Type 99,30 Magazine,3s Reload,+7.5% Damage,+8% Range,-17% Spread,-1% Movement speed,+1.2% Recoil,,,
,3750,DP-27,47 Magazine,4.8s Reload,+7% Damage,+4% Fire rate,+5% Range,-2% Movement speed,+27% Recoil,,,
,5625,BAR,20 Magazine,4s Reload,+25% Damage,+25% Range,+20% Detection radius,-10% Fire rate,-0.5% Movement speed,+10% Recoil ,+10% Spread,
,7500,M1919 .30 Cal,100 Magazine,9.5s Reload,+20% Damage,+12% Range,+20% Detection radius,-10% Fire rate,-12% Movement speed,+27% Spread,,
,11250,Negev,200 Magazine,12s Reload,+25% Detection radius,+50% Equip Time,-9% Movement speed,-11% Range,,,,
,18750,MG42,50 Magazine,5.5s Reload,+23% Fire rate,-4% Movement speed,-19% Range,+19% Recoil,+23% Spread,,,
,22500,Chauchat,18 Magazine,2.1s Reload,+25% Damage,+20% Range,+10% Detection radius,-15% Fire rate,-5% Movement speed,+35% Recoil,+25% Spread,
,27000,Burton,40 Magazine,3.5s Reload,+18% Fire rate,-3% Damage,+18% Spread,,,,,
,37500,Lewis,47 Magazine,5s Reload,+4% Damage,+7% Fire rate,-3% Movement speed,+18% Recoil,,,,
,Robux,M249 SAW,100 Magazine,9s Reload,+5% Fire rate,+40% Equip time,-9% Movement speed,+22% Recoil,+18% Spread,,,
,,LMG Stocks,,,,,,,,,,
,225,M60,-20% Recoil,-5% Reload,-3% Movement speed,+5% Spread,,,,,,
,1150,Type 99,+5% Fire rate,-15% Reload,-3% Movement speed,+8% Recoil,,,,,,
,2250,DP-27,-20% Recoil,-24% Spread,-7% Fire rate,-3.5% Movement speed,,,,,,
,3375,BAR,-20% Recoil,-10% Spread,-5% Movement speed,,,,,,,
,4500,M1919 .30 Cal,-32% Recoil,-7% Movement speed,+19% Spread,,,,,,,
,6750,Negev,-20% Recoil,-3% Movement speed,+8% Reload,,,,,,,
,11250,MG42,+3.5% Movement speed,-25% Spread,+10% Reload,,,,,,,
,13500,Chauchat,-25% Recoil,-10% Reload,-3% Movement speed,+10% Spread,,,,,,
,16200,Burton,+4% Movement speed,-5% Reload,+26% Recoil,,,,,,,
,22500,Lewis,-28% Recoil,-7.5% Movement speed,+8% Reload,+6% Spread,,,,,,
,Robux,M249 SAW,+5% Health,-11% Recoil,-4.5% Movement speed,+16% Spread,,,,,,
,,BR Barrels,,,,,,,,,,
,375,M1 Garand,+7% Damage,-17% Spread,+10% Detection radius,,,,,,,
,1875,SKS,+5% Fire rate,+3% Range,+13% Recoil,+4% Reload,,,,,,
,2000,Scar H,+15% Damage,+10% Range,-25% Spread,+10% Detection radius,-10% Fire rate,+20% Recoil,,,,
,3750,Fedorov,+7% Damage,+3.5% Movement speed,+18% Recoil,,,,,,,
,7500,FAL,+9% Range,-20% Spread,-6% Movement speed,,,,,,,
,11250,Winchester,+8% Fire rate,+2% Movement speed,+4% Reload,+14% Spread,,,,,,
,15000,Dragunov,+19% Range,-16% Spread,+24% Recoil,,,,,,,
,33750,G3,+12% Damage,+13% Range,+10% Detection radius,-2% Fire rate,-3% Movement speed,+38% Recoil,,,,
,37500,M110,+22% Damage,+5% Range,+35% Detection radius,-15% Fire rate,+42% Recoil,+11% Spread,,,,
,375 WC,FG-42,+6% Damage,+4% Fire rate,+4% Range,+32% recoil,+12% Spread,,,,,
BR,Limited,X-Blaster,+3% Damage,+2% Fire rate,-4% Reload,+17% Recoil,,,,,,
,Limited,Roto-Fire,+25% Damage,-16% Spread,-22% Fire rate,-4.5% Movement speed,,,,,,
,,BR Grips,,,,,,,,,,
,225,M1 Garand,+8% Fire rate,-3% Movement speed,,,,,,,,
,1125,SKS,+2% Fire rate,-12% Recoil,+3% Reload,,,,,,,
,2250,Fedorov,-27% Recoil,-12% Fire rate,,,,,,,,
,4500,FAL,+2% Movement speed,-18% Recoil,+15% Detection Radius,+21% Spread,,,,,,
,6750,Winchester,+3% Fire rate,+2% Movement speed,+19% Recoil,+6% Reload,,,,,,
,9000,Dragunov,+5% Range,-16% Recoil,-5% Fire rate,,,,,,,
,20250,G3,+2% Fire rate,-9% Reload,-2% Movement speed,+19% Recoil,,,,,,
,22500,M110,-23% Spread,-2% Fire rate,+26% Recoil,,,,,,,
,225 WC,FG-42,+4% Fire rate,-14% Recoil,+3% Reload,,,,,,,
BR,Limited,X-Blaster,+3% Health,+3.5% Movement Speed,+4% Range,+18% Spread,,,,,,
,Limited,Roto-Fire,-9% Reload,-16% Spread,-4% Movement speed,-3% Range,,,,,,
,,BR Magazines,,,,,,,,,,
,375,M1 Garand,8 Magazine,3.8s Reload,+22% Damage,+8% Range,-10% Spread,-8% Fire rate,,,,
,1700,Scar H,20 Magazine,4.5s Reload,+20% Damage,+11% Range,+10% Detection Radius,+25% Recoil,,,,
,1875,SKS,20 Magazine,3s Reload,+12% Fire rate,+6% Range,+26% Recoil,+17% Spread,,,,
,3750,Fedorov,25 Magazine,4s Reload,+15% Damage,+9% Range,+16% Detection radius,+23% Recoil,,,,
,7500,FAL,20 Magazine,2s Reload,+10% Damage,+10% Fire rate,-2.5% Movement speed,+12% Recoil,,,,
,11250,Winchester,7 Magazine,4.5s Reload,+7% Damage,+6% Fire rate,+2% Movement speed,-28% Recoil,+30% Spread,,,
,15000,Dragunov,10 Magazine,3.4s Reload,+25% Damage,+13% Range,-11% Recoil,+20% Detection radius,-19% Fire rate,-4% Movement speed,,
,33750,G3,20 magazine,3s Reload,+15% Damage,+3% Fire rate,+10% Detection radius,-2% Movement speed,+21% Recoil,,,
,37500,M110,10 Magazine,3.8s Reload,+19% Damage,+16% Range,-5% Fire rate,+12% Recoil,,,,
,375 WC,FG-42,20 Magazine,3.5s Reload,+4% Damage,+12% Fire rate,-11% Spread,-2% Movement speed,+17% Recoil,,,
BR,Limited,X-Blaster,22 Magazine,3s Reload,+22% Damage,-13% Range,+18% Spread,,,,,
,Limited,Roto-Fire,50 Magazine,5.5s Reload,+25% Damage,-20% Fire rate,-6% Movement speed,-8% Range,,,,
,,BR Stocks,,,,,,,,,,
,225,M1 Garand,+3% Range,-14% Recoil,-1% Movement speed,,,,,,,
,1125,SKS,-6% Reload,+18% Recoil,,,,,,,,
,2250,Fedorov,+7% Fire rate,-10% Recoil,-2% Movement speed,+7% Reload,,,,,,
,4500,FAL,+0.2% Movement speed,+5% Range,-27% Spread,+30% Recoil,,,,,,
,6750,Winchester,+2% Movement speed,-14% Spread,+23% Recoil,,,,,,,
,9000,Dragunov,+3% Range,-32% Recoil,-5% Fire rate,-2% Movement speed,+10% Reload,,,,,
,20250,G3,-23% Recoil,-7% Movement speed,+6% Spread,,,,,,,
,22500,M110,+3% Damage,-16% Recoil,-7% Fire rate,+10% Reload,,,,,,
,225 WC,FG-42,+5% Fire rate,+3% Movement speed,+13% Recoil,,,,,,,
BR,Limited,X-Blaster,+3.5% Movement speed,+4.5% Reload,+11% Spread,,,,,,,
,Limited,Roto-Fire,+9% Fire rate,-0.5% Movement speed,-6% Range,,,,,,,
,,Weird Barrels,,,,,,,,,,
,Limited,Paintball,+2.5% Movement speed,-28% Recoil,-3% Damage,-3% Range,,,,,,
,360 WC,Light Gun,+30% Damage,-5% Fire rate,-87% Range,+10% Reload,,,,,,
,Limited,Spray Can,+25% Fire rate,+2.5% Movement speed,-2% Damage,-11% Range,,,,,,
,95 WC,Oil,+20% Damage,+25% Detection radius,-7% Fire rate,-10% Movement speed,+40% Spread,,,,,
,90 WC,Honk,+300% Damage,+15% Range,+200% Detection radius,-93% Fire rate,+900% Recoil,+1200% Spread,,,,
,83 WC,Words as Weapons,+5% Damage,+5% Detection radius,+20% Recoil,,,,,,,
,75 WC,Mustard,+25% Fire rate,-5% Damage,+40% Spread,,,,,,,
,65 WC,BarrelSight,+50% Range,-50% Fire rate,-12% Movement speed,-100% Pellets,+25% Recoil,,,,,
,60 WC,Snake,+12.5% Damage,-5% Fire rate,-5% Movement speed,+20% Recoil,+40% Spread,,,,,
,55 WC,Ketchup,+20% Damage,-25% Fire rate,+40% Spread,,,,,,,
,53 WC,Willy Fischy,+30% Fire rate,-15% Damage,+100% Recoil,+200% Spread,,,,,,
,36 WC,Shower,+20% Fire rate,+100% Pellets,-75% Recoil,+25% Reload,+300% Spread,,,,,
,Missions,Quack,+8% Fire rate,-10% Recoil,+13% Spread,,,,,,,
,50 WC,Water Pipe,+15% Damage,+75% Detection radius,-12% Fire rate,+35% Spread,,,,,,
,35 WC,Eclair,+15% Fire rate,-20% Damage,+20% Detection Radius,+15% Recoil,+30% Spread,,,,,
,Missions,Dominus,+12% Fire rate,+5% Movement speed,+24% Recoil,+9% Reload,+9% Spread,,,,,
,Missions,Lipstick,+3% Damage,+3% Fire rate,+5% Movement speed,+12% Recoil,+4% Reload,,,,,
,Limited,Mega Soaker,-50% Detection Radius,+14% Fire rate,+2% Movement speed,-19% Recoil,-4% Damage,-10% Range,,,,
,Missions,Car Muffler,+10% Damage,-50% Detection Radius,+2% Movement speed,-15% Health,+22% Recoil,+10% Reload,,,,
,,Weird Grips,,,,,,,,,,
,Limited,Paintball,+4% Movement speed,-7% Reload,+14% Spread,,,,,,,
,175 WC,Pistol Pistol,-40% Reload,-5% Damage,+10% Recoil,+10% Spread,,,,,,
,50 WC,Words as Weapons,-10% Recoil,-4% Reload,+14% Spread,,,,,,,
,35 WC,Croissant,-10% Detection radius,+5% Movement speed,-20% Recoil,-5% Fire rate,,,,,,
,35 WC,Controller,+3% Fire rate,-12% Spread,-2% Movement speed,+14% Recoil,,,,,,
,17 WC,Tap,-30% Recoil,-5% Movement speed,+15% Spread,,,,,,,
,15 WC,Banana,+5% Movement speed,-20% Recoil,+15% Spread,,,,,,,
,Limited,Mega Soaker,+2% Movement speed,-24% Recoil,+12% Spread,,,,,,,
,Missions,Lamp Shade,-20% Recoil,-5% Range,,,,,,,,
,,Weird Magazines,,,,,,,,,,
,Limited,Paintball,70 Magazine,6.2s Reload,+18% Fire rate,-2% Damage,+18% Spread,,,,,
,175 WC,XXL AKM,90 Magazine,9s Reload,+6% Damage,+15% Detection Radius,-10% Movement speed,+20% Recoil,,,,
,130 WC,Graphics Card,50 Magazine,6s Reload,+14% Fire rate,-23% Recoil,-8% Range,,,,,
,110 WC,Rice Pot,120 Magazine,10s Reload,+10% Fire rate,-10% Recoil,-15% Movement speed,-22% Range,,,,
,83 WC,Words as Weapons,30 Magazine,2.4s Reload,+5% Damage,+5% Detection radius,,,,,,
,60 WC,Pastel,20 Magazine,4s Reload,+15% Damage,+10% Detection radius,-20% Fire rate,+15% Recoil,,,,
,35 WC,Screwdriver,1 Magazine,8s Reload,+100% Damage,-10% Movement speed,-14% Range,+75% Spread,,,,
,35 WC,Horizontal,20 Magazine,1.9s Reload,+10% Fire rate,-15% Recoil,-5% Damage,,,,,
,35 WC,Improvised,10 Magazine,0.8s Reload,+10% Damage,+5% Movement speed,-7% Range,+30% Spread,,,,
,35 WC,Restroom,35 Magazine,2.9s Reload,+10% Fire rate,-20% Recoil,+30% Spread,,,,,
,Limited,Mega Soaker,60 Magazine,5.4s Reload,+20% Fire rate,+3% Movement speed,-16% Recoil,-5% Damage,-9% Range,,,
,,Weird Stocks,,,,,,,,,,
,Limited,Paintball,+6% Movement speed,-7% Reload,+12% Spread,,,,,,,
,300 WC,Anvil,-80% Recoil,-30% Spread,-40% Movement speed,+15% Reload,,,,,,
,300 WC,SG-43,+17% Fire rate,+50% Health,-85% Recoil,-60% Spread,-75% Movement speed,+12% Reload,,,,
,150 WC,Speed Coil,+5% Fire rate,+10% Movement speed,-40% Recoil,-15% Reload,-10% Health,+250% Spread,,,,
,120 WC,Keyboard,+21% Health,-16% Recoil,+100% Detection radius,-15% Movement speed,+5% Reload,+30% Spread,,,,
,55 WC,Taco,+5% Damage,+10% Health,+20% Detection radius,-5% Fire rate,+20% Recoil,+10% Reload,+20% Spread,,,
,50 WC,Words as Weapons,-10% Reload,-10% Spread,+15% Recoil,,,,,,,
,35 WC,Shovel,-11% Spread,+10% Recoil,,,,,,,,
,25 WC,Willy Fischy,-10% Recoil,-5% Reload,,,,,,,,
,20 WC,Plunger,+4% Fire rate,-2% Movement speed,-2% Range,,,,,,,
,Limited,Mega Soaker,+8% Movement speed,-2% Range,+35% Recoil,+25% Spread,,,,,,
,,Sidearm Barrels,,,,,,,,,,
,Free,M1911,+18% Damage,-11% Range,+25% Recoil,,,,,,,
,,M1911 Grip,-25% Recoil,-3.5% Damage,-4.5% Range,,,,,,,
,3750,Makarov,+5% Movement speed,-6% Recoil,-3% Damage,-3% Range,,,,,,
,5625,Kolibri,+4% Movement speed,-40% Recoil,-40% Damage,,,,,,,
,7500,Tec-9,+9% Fire rate,-16% Recoil,+5% Detection Radius,-8% Range,,,,,,
,11250,T10,+6% Damage,+5% Recoil,,,,,,,,
,15750,ZIPO-22,+12% Damage,-16% Recoil,-7.5% Range,+11% Reload,,,,,,
,18750,B17,+20% Fire rate,-15% Range,+19% Recoil,,,,,,,
,22500,EG200,+11% Damage,+100% Pellets,-7% Fire rate,+15% Spread,,,,,,
,26250,Beretta,+2.5% Range,-11% Spread,-5% Fire rate,+6% Recoil,,,,,,
,30000,Type 14,+13% Damage,+9% Movement speed,-10% Fire rate,-12% Health,,,,,,
,33750,Luger,+6% Fire rate,-8% Recoil,-4% Range,,,,,,,
,37500,Deagle,+22% Damage,+4% Range,-10% Fire rate,-4% Movement speed,+55% Recoil,,,,,
,50000,P08 Artillery,+4% Fire rate,+2% Range,+19% Recoil,+15% Spread,,,,,,
,75000,Obreez,+9% Range,-7% Spread,-20% Fire rate,+23% Recoil,,,,,,
,Robux,Cyber 3517,+30% Damage,-25% Fire rate,-2% Movement speed,+60% Recoil,,,,,,
,Limited,Raygun,+3% Fire rate,+5% Movement speed,+12% Spread,,,,,,,
,Limited,Lobotomizer .44,+5% Damage,+7% Range,-8% Fire rate,+34% Recoil,,,,,,
Sidearm,Limited,Quad-Jolly,+15% Damage,+45% Pellets,-8% Range,,,,,,,
,,Sidearm Grips,,,,,,,,,,
,Free,M1911,-19% Recoil,+4% Reload,,,,,,,,
,2250,Makarov,+2% Damage,+12% Spread,,,,,,,,
,3375,Kolibri,+6% Movement speed,-25% Recoil,-5% Damage,-5% Range,,,,,,
,4500,Tec-9,-12% Spread,-4% Range,+7% Recoil,,,,,,,
,6750,T10,+2% Movement speed,-3% Reload,+11% Recoil,,,,,,,
,9450,ZIPO-22,+3.5% Movement speed,-16% Spread,-6% Range,+4.5% Reload,,,,,,
,11250,B17,+4% Fire rate,+34% Recoil,,,,,,,,
,13500,EG200,+7.5% Movement speed,+25% Spread,,,,,,,,
,15750,Beretta,+2.3% Movement speed,+1.5% Range,+4% Reload,,,,,,,
,18000,Type 14,-9% Reload,-4% Range,+11% Recoil,,,,,,,
,20250,Luger,+6% Movement speed,-5% Recoil,-12% Range,,,,,,,
,22500,Deagle,-22% Recoil,-5% Fire rate,-2% Movement speed,,,,,,,
,30000,P08 Artillery,-14% Recoil,-17% Spread,+200% Equip time,-2% Movement speed,+8% Reload,,,,,
,45000,Obreez,-25% Recoil,-10% Spread,-4% Movement speed,+8% Reload,,,,,,
,Robux,Cyber 3517,+5% Damage,+1% Range,-3% Movement speed,+30% Recoil,+11% Spread,,,,,
,Limited,Raygun,+2.5% Movement speed,-14% Spread,-3.5% Range,,,,,,,
,Limited,Lobotomizer .44,-20% Spread,-9% Fire rate,-4.5% Movement speed,,,,,,,
Sidearm,Limited,Quad-Jolly,+6% Fire rate,+3% Movement speed,-1.5% Range,,,,,,,
,,Sidearm Magazines,,,,,,,,,,
,Free,M1911,7 Magazine,1.3s Reload,+18% Damage,-9% Fire rate,-6% Range,+23% Recoil,,,,
,3750,Makarov,8 Magazine,1s Reload,+5% Damage,+2% Movement speed,+19% Recoil,,,,,
,5625,Kolibri,5 Magazine,0.5s Reload,+4% Movement speed,-40% Recoil,-30% Spread,-15% Damage,-15% Range,,,
,7500,Tec-9,20 Magazine,1.5s Reload,+3% Damage,-4% Range,+11% Recoil,,,,,
,11250,T10,15 Magazine,1.4s Reload,+4% Range,-8% Spread,+18% Recoil,,,,,
,15750,ZIPO-22,10 Magazine,1.5s Reload,+32% Damage,-45% Fire rate,-19% Range,,,,,
,18750,B17,17 Magazine,1.7s Reload,+11% Fire rate,-4% Range,+11% Spread,,,,,
,22500,EG200,6 Magazine,2.5s Reload,+20% Damage,+75% Pellets,-11% Fire rate,-2% Movement speed,+30% Recoil,,,
,26250,Beretta,15 Magazine,1.8s Reload,+3% Damage,+2% Range,-7% Fire rate,+11% Spread,,,,
,30000,Type 14,8 Magazine,1.3s Reload,+13% Damage,+14% Fire rate,+5% Movement speed,-13% Health,+14% Recoil,,,
,33750,Luger,8 Magazine,1.7s Reload,+20% Fire rate,-16% Recoil,-5% Range,+22% Spread,,,,
,37500,Deagle,7 Magazine,3.5s Reload,+29% Damage,-6% Fire rate,-2% Movement speed,-9% Range,+62% Recoil,,,
,50000,P08 Artillery,32 Magazine,2.5s Reload,+8% Fire rate,-2% Movement speed,-4% Range,+12% Recoil,,,,
,75000,Obreez,5 Magazine,1.5s Reload,+5% Damage,+7% Range,-10% Fire rate,-2% Movement speed,+27% Recoil,,,
,Robux,Cyber 3517,10 Magazine,4.5s Reload,+30% Damage,+2% Range,-20% Fire rate,-4% Movement speed,+60% Recoil,,,
,Limited,Raygun,20 Magazine,2.5s Reload,+17% Damage,-4% Range,+45% Spread,,,,,
,Limited,Lobotomizer .44,6 Magazine,1.5s Reload,+13% Damage,+4% Range,+25% Equip time,-11% Fire rate,,,,
Sidearm,Limited,Quad-Jolly,4 Magazine,1s Reload,+24% Damage,-6% Fire rate,-4.5% Range,,,,,
,,Notable Scopes,,,,,,,,,,
,20000,Lightning Shot,+32% Range,,,,,,,,,
,35 WC,Spyglass,+20% Range,,,,,,,,,
,175 WC,Panzershreck,+15% Health,-10% Movement speed,+25% Reload,+35% Spread,,,,,,
,Robux,Raygun,+1% Damage,-5% Range,+10% Spread,,,,,,,
,15000,Maple Badger,-5% Spread,+50% Detection Radius,-2.5% Range,+2.5% Reload,,,,,,